month_start,biomass_avg_mw,lignite_avg_mw,gas_avg_mw,hard_coal_avg_mw,hydro_ror_avg_mw,hydro_reservoir_avg_mw,nuclear_avg_mw,solar_avg_mw,wind_avg_mw,storage_avg_mw,biomass_total_mwh,lignite_total_mwh,gas_total_mwh,hard_coal_total_mwh,hydro_ror_total_mwh,hydro_reservoir_total_mwh,nuclear_total_mwh,solar_total_mwh,wind_total_mwh,storage_total_mwh,total_generation_mwh,biomass_share_pct,lignite_share_pct,gas_share_pct,hard_coal_share_pct,hydro_ror_share_pct,hydro_reservoir_share_pct,nuclear_share_pct,solar_share_pct,wind_share_pct,storage_share_pct
2015-01-01,68.35370662460568,288.4166666666667,1195.1383753943217,2149.1090277777776,1498.4442147435896,1014.1716185897435,1408.7879337539432,56.373264984227134,926.7150315457412,,43336.25,186894.0,757717.73,1392622.65,935029.19,632843.09,893171.55,35740.65,587537.33,0.0,5464892.4399999995,0.7929936494779393,3.419902624835559,13.865190181126422,25.483075198457154,17.109745530508558,11.580156369921161,16.343808406227296,0.6540046376466286,10.751123401799287,0.0
2015-02-01,69.52245535714285,295.4389880952381,1021.3151488095239,1874.367886904762,1511.9071279761904,971.6101080246913,1407.6230357142858,92.60438988095238,1065.9347321428572,,46719.09,198535.0,686323.78,1259575.22,1016001.59,629603.35,945922.68,62230.15,716308.14,0.0,5561218.999999999,0.840087218287933,3.5699906801008923,12.341247125854963,22.649264846430256,18.26940442374235,11.321319120861812,17.00926865135144,1.119001967014786,12.88041596635558,0.0
2015-03-01,67.61733512786003,261.61051212938,935.1800403768507,1618.4073889636607,1662.2918267929633,975.7143055555556,1353.6032839838492,129.5556527590848,931.804199192463,,50239.68,194115.0,694838.77,1202476.69,1228433.66,702514.3,1005727.24,96259.85,692330.52,0.0,5866935.709999999,0.8563189113248356,3.3086266765994616,11.843299540775096,20.49582182996173,20.938249892634328,11.974126438825424,17.14229181488679,1.6407176549749516,11.800547240017398,0.0
2015-04-01,56.069097222222226,208.26564673157162,523.158013888889,1670.0487500000002,1700.6018055555555,794.1365277777778,1360.5285416666668,179.77491666666668,1047.940361111111,,40369.75,149743.0,376673.77,1202435.1,1224433.3,571778.3,979580.55,129437.94,754517.06,0.0,5428968.77,0.7435988621463373,2.758221797617746,6.938219502780453,22.148499115422247,22.553699456996508,10.531987274629323,18.043584177773788,2.38420859436994,13.89798121826367,0.0
2015-05-01,65.54827956989247,568.1209677419355,442.5373924731183,1028.3530376344086,1563.6662180349933,998.9730820995962,875.9682661290323,185.74806451612903,540.1666666666666,,48767.92,422682.0,329247.82,765094.66,1161804.0,742237.0,651720.39,138196.56,401884.0,0.0,4661634.35,1.046154982104077,9.067249129052776,7.06292676086875,16.41258414015248,24.922675456087628,15.922248384839538,13.980512864549318,2.9645516920476616,8.621096590297778,0.0
2015-06-01,61.80555555555556,1432.4,673.9611111111111,157.28472222222223,1265.0097222222223,684.5652777777777,1285.986111111111,201.5611111111111,601.1125,,44500.0,1031328.0,485252.0,113245.0,910807.0,492887.0,925910.0,145124.0,432801.0,0.0,4581854.0,0.9712225662362878,22.508966894187374,10.590734667669462,2.471597741874796,19.878568806426394,10.757370269764161,20.208195197839128,3.1673641281455063,9.445979727856889,0.0
2015-07-01,57.93329301075269,2091.3346774193546,1273.7422580645161,250.44477150537634,929.9335666218035,575.3027456258412,1356.2174596774194,218.784623655914,386.6597580645161,,43102.37,1555953.0,947664.24,186330.91,690940.64,427449.94,1009025.79,162775.76,287674.86,0.0,5310917.510000001,0.8115804833880765,29.297254138673296,17.843700984163842,3.508450463581009,13.00981682918287,8.048514012788724,18.99908609199995,3.0649272878651805,5.416669708357039,0.0
2015-08-01,62.043010752688176,2095.0752688172042,1253.4556451612902,186.0241935483871,717.010752688172,609.9005376344086,1352.9623655913979,205.81317204301075,633.3467741935484,,46160.0,1558736.0,932571.0,138402.0,533456.0,453766.0,1006604.0,153125.0,471210.0,0.0,5294030.0,0.8719255463229335,29.443278560945064,17.615521634747065,2.614303281243212,10.076557934125798,8.57127745781569,19.013945897548748,2.892408996548943,8.900780690702547,0.0
2015-09-01,57.727777777777774,2069.0333333333333,1158.4458333333334,187.81805555555556,672.4458333333333,619.7930555555556,1364.9805555555556,155.64444444444445,759.9888888888889,,41564.0,1489704.0,834081.0,135229.0,484161.0,446251.0,982786.0,112064.0,547192.0,0.0,5073032.0,0.819312789668979,29.365160716510363,16.44146932248801,2.665644529740794,9.543819159823947,8.796534301380317,19.37275380876762,2.20901425419749,10.786291117422481,0.0
2015-10-01,58.457959731543625,1844.476510067114,1341.7628187919463,285.6423624161074,1071.3806040268457,611.4640939597316,1396.4670201342283,113.93373154362416,744.2707785234899,,43551.18,1374135.0,999613.3,212803.56,798178.55,455540.75,1040367.93,84880.63,554481.73,0.0,5563552.630000001,0.782794428242876,24.69887662408974,17.967176127890784,3.8249581544805116,14.346562405036508,8.187947167851272,18.69970501204731,1.5256551999221402,9.966324880438847,0.0
2015-11-01,58.85893055555555,2233.4680555555556,1498.239486111111,200.319625,899.2962447844228,675.2420027816412,1398.1188194444444,90.45622222222222,881.5409305555555,,42378.43,1608097.0,1078732.43,144230.13,646594.0,485499.0,1006645.55,65128.48,634709.47,0.0,5712014.49,0.7419174106471849,28.152887266222603,18.885323766046678,2.5250308845067373,11.319894253279458,8.499610791428507,17.623301757415536,1.1402015893695676,11.111832281083727,0.0
2015-12-01,54.358870967741936,2056.5887096774195,1689.9112903225807,176.09005376344086,946.383064516129,696.4180107526881,1399.2728494623657,67.82661290322581,677.4341397849462,,40443.0,1530102.0,1257294.0,131011.0,704109.0,518135.0,1041059.0,50463.0,504011.0,0.0,5776627.0,0.7001144439479994,26.487810274057853,21.76519273271409,2.267949791461349,12.18892962969567,8.969507638280955,18.021918327079106,0.8735720689599658,8.72500509380301,0.0
2016-01-01,49.44414535666218,2360.298788694482,1725.7738896366084,211.6527590847914,940.7146702557201,611.3109017496636,1394.5087483176312,53.27187079407806,973.2220726783311,,36737.0,1753702.0,1282250.0,157258.0,698951.0,454204.0,1036120.0,39581.0,723104.0,0.0,6181907.0,0.5942664617892182,28.368301237789566,20.741981398296673,2.543842862728281,11.306397847783863,7.3473120834719765,16.760523896590485,0.6402716831553759,11.697102528394556,0.0
2016-02-01,47.98850574712644,1520.4985632183907,1141.5258620689656,247.91666666666666,1391.3577586206898,471.3132183908046,1388.780172413793,92.65373563218391,1002.8132183908046,,33400.0,1058267.0,794502.0,172550.0,968385.0,328034.0,966591.0,64487.0,697958.0,0.0,5084174.0,0.6569405374403,20.81492490225551,15.626963199921953,3.393864962135442,19.04704677691991,6.452060846068604,19.01176080913045,1.268386959218941,13.72805100690889,0.0
2016-03-01,55.147860026917904,1254.8963660834454,964.7965006729476,239.67648721399732,1444.9196769851953,590.3390578734859,1400.5318842530282,131.86541049798114,763.4888425302826,,40974.86,932388.0,716843.8,178079.63,1073575.32,438621.92,1040595.19,97976.0,567272.21,0.0,5086326.93,0.8055884052266378,18.331263657092528,14.093545496887675,3.501143997442571,21.107084439812056,8.623549489375824,20.458676847184105,1.9262623372107934,11.152885329767821,0.0
2016-04-01,50.31547222222222,1102.9486111111112,716.9905,192.2877638888889,1564.2681111111112,618.9100555555556,1400.6524444444444,186.5849166666667,624.942875,,36227.14,794123.0,516233.16,138447.19,1126273.04,445615.24,1008469.76,134341.14,449958.87,0.0,4649688.54,0.7791304662311854,17.07905794481451,11.102532041855861,2.9775583635113763,24.222548033292572,9.583765367647615,21.688974461932453,2.889250298042544,9.67718302267188,0.0
2016-05-01,44.932614555256066,1173.5625841184387,666.6415094339623,86.72812920592193,1729.7866397849461,656.7003494623656,832.7425876010782,194.89487870619945,532.3854447439353,,33340.0,871957.0,494648.0,64439.0,1286961.26,488585.06,617895.0,144612.0,395030.0,0.0,4397467.32,0.758163678633091,19.828618078280567,11.248474724310173,1.465366205382056,29.26596530113611,11.110601272188646,14.051156155038806,3.2885292709804608,8.983125314050087,0.0
2016-06-01,43.05111111111111,1666.0291666666667,725.4862222222223,185.02172222222225,1850.8099583333333,1044.7052361111112,786.3964583333333,211.38030555555557,514.2938194444445,,30996.8,1199541.0,522350.08,133215.64,1332583.17,752187.77,566205.45,152193.82,370291.55,0.0,5059565.28,0.6126376137991049,23.70838073266247,10.324011077884542,2.6329463625380876,26.33789853977336,14.86664818760872,11.190792462707387,3.0080414339470685,7.318643589079257,0.0
2016-07-01,46.61681451612904,1709.1854838709678,1076.9593951612903,168.71006720430105,1454.240053763441,953.7668010752689,1371.8147715053763,222.18817204301075,431.69998655913975,,34682.91,1271634.0,801257.79,125520.29,1081954.6,709602.5,1020630.19,165308.0,321184.79,0.0,5531775.07,0.6269761434822765,22.987811035491,14.484641545629584,2.26907797970173,19.55890444403048,12.827754039536535,18.45031978135004,2.988335532594242,5.806179498184115,0.0
2016-08-01,51.64650537634409,1596.4059139784947,1021.619623655914,166.38306451612902,1144.6612903225807,763.0752688172043,1372.6666666666667,202.95967741935485,691.3118279569892,,38425.0,1187726.0,760085.0,123789.0,851628.0,567728.0,1021264.0,151002.0,514336.0,0.0,5215983.0,0.7366780144797251,22.770894767103343,14.572229242311563,2.373263103043089,16.32727714028209,10.884391302655702,19.57951166635321,2.894986429211905,9.860768334559372,0.0
2016-09-01,50.525,1714.6430555555555,1114.6263888888889,171.17083333333332,829.2138888888888,755.5069444444445,1378.5972222222222,181.5263888888889,437.86944444444447,,36378.0,1234543.0,802531.0,123243.0,597034.0,543965.0,992590.0,130699.0,315266.0,0.0,4776249.0,0.7616437082740033,25.847542705583397,16.802536886163182,2.5803302968501014,12.500060193679182,11.388958155238555,20.781789224138024,2.736436061017757,6.600702769055801,0.0
2016-10-01,54.46625503355705,1787.669798657718,1191.318832214765,226.81053691275167,948.742067114094,899.5584429530202,1397.9120939597315,94.53782550335569,777.2506845637585,,40577.36,1331814.0,887532.53,168973.85,706812.84,670171.04,1041444.51,70430.68,579051.76,0.0,5496808.57,0.7381985288965593,24.22885903774524,16.14632415696441,3.074035558054735,12.858603878941338,12.192002531388864,18.94634853547392,1.2813013060776826,10.534326466457244,0.0
2016-11-01,59.84418055555555,1825.1291666666666,1485.513888888889,213.9368611111111,1460.7092499999999,812.4131388888889,1309.082125,75.15855555555557,814.8135972222223,,43087.81,1314093.0,1069570.0,154034.54,1051710.66,584937.46,942539.13,54114.16,586665.79,0.0,5800752.55,0.7427968979645581,22.653836526779617,18.43846967752486,2.6554233898496498,18.13058996974453,10.083820245012864,16.248566403681536,0.9328817172178807,10.113615172224508,0.0
2016-12-01,55.10752688172043,1993.282258064516,1727.2862903225807,202.34274193548387,958.7123655913979,958.4193548387096,1397.8736559139784,68.26209677419355,1184.0631720430108,,41000.0,1483002.0,1285101.0,150543.0,713282.0,713064.0,1040018.0,50787.0,880943.0,0.0,6357740.0,0.6448832446749946,23.32593028340259,20.21317323451415,2.3678697147099443,11.219112451909012,11.215683560510497,16.358297130741427,0.7988215938368036,13.856228785700578,0.0
2017-01-01,48.886438172043015,2161.5101763907733,2032.4925134408602,297.70420624151967,714.1641791044776,901.3772048846675,1372.2309677419355,64.99151881720431,1058.2083198924731,,36371.51,1593033.0,1512174.43,219408.0,526339.0,664315.0,1020939.84,48353.69,787306.99,0.0,6408241.460000001,0.567573962795091,24.85912882564821,23.597338512272596,3.423841023618358,8.213470158473084,10.366572547970126,15.931669341310991,0.7545547448831617,12.285850883028367,0.0
2017-02-01,49.40029761904762,1942.75,1770.751488095238,201.26190476190476,1201.3169642857142,449.01636904761904,1396.7068452380952,103.55803571428571,944.2127976190476,,33197.0,1305528.0,1189945.0,135248.0,807285.0,301739.0,938587.0,69591.0,634511.0,0.0,5415631.0,0.6129848950196201,24.106664578882867,21.97241651065222,2.4973636497759912,14.906573213721542,5.5716314497793515,17.33107370129169,1.2850026155770213,11.7162893852997,0.0
2017-03-01,55.54054054054054,1588.6472972972972,1331.3027027027026,115.81891891891892,1568.4532749326147,397.05799191374666,1412.4324324324325,156.99054054054054,1114.9013513513514,,41100.0,1175599.0,985164.0,85706.0,1163792.33,294617.03,1045200.0,116173.0,825027.0,0.0,5732378.36,0.7169798889548525,20.508049646604277,17.185955603949353,1.4951211280478003,20.302085049389518,5.1395251935184545,18.233269584808077,2.0266108184805858,14.392403086247082,0.0
2017-04-01,38.733333333333334,1341.9819444444445,1008.3513888888889,184.90972222222223,1235.599986111111,662.9516527777778,1412.5930555555556,186.04722222222222,967.7319444444445,,27888.0,966227.0,726013.0,133135.0,889631.99,477325.19,1017067.0,133954.0,696767.0,0.0,5068008.18,0.5502753549225724,19.065221792913526,14.325410974376132,2.626968924900196,17.553878336478927,9.418398176302865,20.06837723770209,2.6431291198113263,13.74834008259237,0.0
2017-05-01,34.479152086137276,1819.1174089068827,624.0216958277255,166.92307692307693,1625.1929824561403,498.9055330634278,727.4613862718709,210.18585464333782,552.1726244952894,,25618.01,1347966.0,463648.12,123690.0,1204268.0,369689.0,540503.81,156168.09,410264.26,0.0,4641815.289999999,0.5518963681124848,29.03963031239014,9.988508612112398,2.664690261727326,25.943901787612926,7.964319493635001,11.644233478320938,3.364375362725819,8.838444323362985,0.0
2017-06-01,35.39499304589708,1769.575799721836,618.3477051460361,168.0625869262865,1241.4061196105702,696.404728789986,1326.461752433936,235.5702364394993,552.4339360222531,,25449.0,1272325.0,444592.0,120837.0,892571.0,500715.0,953726.0,169375.0,397200.0,0.0,4776790.0,0.5327636341559918,26.635564887717482,9.307338191547043,2.5296695060909107,18.685581740038813,10.482248539291032,19.965834797008032,3.5457912112527454,8.31520749289795,0.0
2017-07-01,48.03763440860215,1897.9086021505377,956.6666666666666,165.81182795698925,891.9502688172043,484.5430107526882,1306.3709677419354,229.2016129032258,612.9287634408602,,35740.0,1412044.0,711760.0,123364.0,663611.0,360500.0,971940.0,170526.0,456019.0,0.0,4905504.0,0.7285693783961852,28.784891419923415,14.509416361703098,2.5148078566442917,13.527886227388663,7.348888106094704,19.813254662517856,3.4762177342022347,9.296068253129546,0.0
2017-08-01,48.1972972972973,1853.4445945945945,1023.3405405405406,131.71891891891892,843.3621621621621,397.5797297297297,1311.5216216216215,225.4837837837838,636.4121621621622,,35666.0,1371549.0,757272.0,97472.0,624088.0,294209.0,970526.0,166858.0,470945.0,0.0,4788585.0,0.7448129249037033,28.642051879626234,15.814107925410115,2.0355073576014626,13.032827025102407,6.143965284107936,20.26749029201737,3.4844948977620733,9.834742413468698,0.0
2017-09-01,51.02361111111111,1762.0722222222223,902.8625,67.25277777777778,886.7763888888888,387.72083333333336,1381.6305555555555,184.64166666666668,909.8527777777778,,36737.0,1268692.0,650061.0,48422.0,638479.0,279159.0,994774.0,132942.0,655094.0,0.0,4704360.0,0.7809138756387691,26.9684292868743,13.818266459199553,1.029300478704861,13.572069314423215,5.934048414662143,21.14578816247056,2.8259316889013597,13.925252319125237,0.0
2017-10-01,56.43699460916442,1835.2587601078167,1048.6082345013479,139.9334770889488,874.5648021828104,480.95225102319233,1401.8008760107816,146.7049730458221,935.0061590296496,,41876.25,1361762.0,778067.31,103830.64,641056.0,352538.0,1040136.25,108855.09,693774.57,0.0,5121896.11,0.8175927254408913,26.58706796768668,15.191001404360776,2.027191449613374,12.515989903590604,6.882958818936294,20.30764052338422,2.125288909852566,13.54526829713459,0.0
2017-11-01,54.34444444444444,1870.65,1664.5597222222223,142.6236111111111,1069.2375,576.7069444444444,1401.013888888889,62.6125,630.9763888888889,,39128.0,1346868.0,1198483.0,102689.0,769851.0,415229.0,1008730.0,45081.0,454303.0,0.0,5380362.0,0.7272373122849354,25.03303681053431,22.275136877407135,1.9085890503278402,14.308535373642146,7.717491871364788,18.74836674558329,0.8378804251461147,8.443725533709442,0.0
2017-12-01,50.18413978494624,1792.2567204301076,1683.7836021505377,160.38172043010752,1417.1370967741937,475.6653225806452,1333.5940860215053,55.54838709677419,1091.8870967741937,,37337.0,1333439.0,1252735.0,119324.0,1054350.0,353895.0,992194.0,41328.0,812364.0,0.0,5996966.0,0.6225981604698109,22.23522694642591,20.88947978027556,1.9897394782628415,17.581390323040015,5.901234057355002,16.54493288773023,0.6891484794144239,13.546249887026207,0.0
2018-01-01,49.39300134589502,2086.4939434724092,1660.0659488559893,202.92462987886944,1357.4683714670255,325.7065948855989,1391.6742934051144,68.74697173620457,898.2436069986541,,36699.0,1550265.0,1233429.0,150773.0,1008599.0,242000.0,1034014.0,51079.0,667395.0,0.0,5974253.0,0.6142860036225449,25.949101921194163,20.645744329876887,2.5237130064629,16.882428648401735,4.050715629217577,17.307837481941256,0.8549855521686143,11.171187427114319,0.0
2018-02-01,51.303437967115094,2207.9925484351716,1705.204783258595,162.83308494783904,1468.6831091180868,416.02092675635276,1395.3333333333333,68.62630792227205,1145.562032884903,,34322.0,1481563.0,1140782.0,109261.0,982549.0,278318.0,933478.0,45911.0,766381.0,0.0,5772565.0,0.5945710442411649,25.665592332004923,19.762133470995995,1.8927634422479436,17.021012322944827,4.821392223387696,16.170939608302376,0.7953310183601224,13.276264537514953,0.0
2018-03-01,42.76113360323887,1953.527665317139,1225.1673414304994,130.52091767881242,1794.948717948718,750.4547908232119,1321.259109311741,118.03373819163293,792.2955465587045,,31686.0,1447564.0,907849.0,96716.0,1330057.0,556087.0,979053.0,87463.0,587091.0,0.0,6023566.0,0.5260339141299357,24.03167824507941,15.071620365743483,1.6056269658205786,22.080890289904683,9.231857009618555,16.253710841717346,1.452013641089016,9.74656872689699,0.0
2018-04-01,28.190807799442897,1105.4651810584958,525.5738161559889,83.00139275766017,1876.0557103064066,854.6155988857938,1392.3064066852369,226.8481894150418,752.3370473537605,,20241.0,793724.0,377362.0,59595.0,1347008.0,613614.0,999676.0,162877.0,540178.0,0.0,4914275.0,0.4118817119514069,16.151395678914998,7.678894648752868,1.2126915974380759,27.410106272034024,12.48635861851443,20.342288536966286,3.314364784225547,10.992018151202366,0.0
2018-05-01,35.82258064516129,1436.0873655913979,700.2916666666666,75.81048387096774,1325.2970430107528,1028.1827956989248,727.3225806451613,236.1048387096774,679.0940860215054,,26652.0,1068449.0,521017.0,56403.0,986021.0,764968.0,541128.0,175662.0,505246.0,0.0,4645546.0,0.5737108189220385,22.999427839052718,11.215409340473649,1.2141306963702436,21.22508312262972,16.466697348384884,11.648318626056012,3.781299334889806,10.875922873220931,0.0
2018-06-01,34.91111111111111,1476.576388888889,982.1055555555556,82.28194444444445,1272.263888888889,811.7847222222222,1278.2166666666667,209.69305555555556,471.5805555555556,,25136.0,1063135.0,707116.0,59243.0,916030.0,584485.0,920316.0,150979.0,339538.0,0.0,4765978.0,0.5274048684236479,22.306754248550874,14.836744945108855,1.2430397286768844,19.220189434361636,12.26369488067297,19.310118510828207,3.167849285078529,7.124204098298398,0.0
2018-07-01,37.30417227456258,1554.3243606998653,794.1130551816958,91.1049798115747,1678.991924629879,1160.3526244952893,1347.57200538358,206.36473755047106,269.9946164199192,,27717.0,1154863.0,590026.0,67691.0,1247491.0,862142.0,1001246.0,153329.0,200606.0,0.0,5305111.0,0.5224584367791739,21.76887533550193,11.121840805969942,1.2759582221748047,23.514889697878143,16.25115855257317,18.873233755146686,2.890212853227765,3.781372340748384,0.0
2018-08-01,34.41001353179973,1581.6901217861976,1102.468200270636,106.27334235453316,1106.3234100135319,1103.9932341001354,1339.7929634641407,231.12043301759135,467.61840324763193,,25429.0,1168869.0,814724.0,78536.0,817573.0,815851.0,990107.0,170798.0,345570.0,0.0,5227457.0,0.48645067764306815,22.360183928820458,15.58547492595348,1.5023748641069643,15.639975613381422,15.607034165943404,18.940509697162504,3.267324819697225,6.610671307291479,0.0
2018-09-01,28.542420027816412,1557.5062586926288,1090.190542420028,120.14742698191934,822.5229485396384,887.9179415855355,1272.1001390820584,194.91655076495132,690.9401947148817,,20522.0,1119847.0,783847.0,86386.0,591394.0,638413.0,914640.0,140145.0,496786.0,0.0,4791980.0,0.4282572130935438,23.369191858062845,16.357476450235602,1.8027203786326318,12.34132863659698,13.322530561479805,19.08689101373545,2.9245739756843725,10.367029912478767,0.0
2018-10-01,37.18051351351352,1523.0619946091645,1365.915054054054,199.05567385444743,635.7620000000001,828.6919999999999,1376.8034864864865,163.13177027027027,792.9337837837838,,27513.58,1130112.0,1010777.14,147699.31,470463.88,613232.08,1018834.58,120717.51,586771.0,0.0,5126121.08,0.5367329325744291,22.046143318955703,19.718167484253023,2.8813074778171255,9.177775410642466,11.96288715053137,19.875351442147362,2.3549484710961996,11.446686311982313,0.0
2018-11-01,51.93521126760563,1773.6944444444443,1696.192957746479,199.1013888888889,754.0591549295775,656.3985915492958,1381.056338028169,71.00985915492957,805.7450704225353,,36874.0,1277060.0,1204297.0,143353.0,535382.0,466043.0,980550.0,50417.0,572079.0,0.0,5266055.0,0.7002205635907714,24.250791152010375,22.869054728824516,2.722208560297984,10.16666176103364,8.849945547473395,18.620200510628923,0.9573960013710452,10.863521174769348,0.0
2018-12-01,50.48777173913044,1791.0873655913979,1852.601902173913,174.98252688172042,843.789402173913,493.0516304347826,1382.929347826087,45.0625,815.5298913043479,,37159.0,1332569.0,1363515.0,130187.0,621029.0,362886.0,1017836.0,33166.0,600230.0,0.0,5498577.0,0.6757930279052199,24.234797475783278,24.79759763298759,2.3676489389891238,11.294358522214019,6.5996347782344404,18.51089836515884,0.6031742394441325,10.916097019283352,0.0
2019-01-01,54.65168010752688,1573.928803763441,1749.1616666666666,169.53358870967742,968.8678629032257,356.1114112903226,1381.9987365591398,47.540174731182795,1068.0729301075269,,40660.85,1171003.03,1301376.28,126132.99,720837.69,264946.89,1028207.06,35369.89,794646.26,0.0,5483180.9399999995,0.7415558677514662,21.35627189424831,23.73396563491848,2.3003616218435425,13.146341473823405,4.831992467496431,18.752017692854032,0.6450615142384851,14.492431832825858,0.0
2019-02-01,58.76005961251863,1576.0029761904761,1663.2339791356185,165.55654761904762,1363.48435171386,337.7064083457526,1381.1296572280178,123.47093889716841,957.3189269746647,,39428.0,1059074.0,1116030.0,111254.0,914898.0,226601.0,926738.0,82849.0,642361.0,0.0,5119233.0,0.7701935035971209,20.688138242584387,21.800726788563836,2.1732552513237824,17.871778838744007,4.426463886289215,18.103063486268354,1.6183869732047749,12.547993029424525,0.0
2019-03-01,52.88037685060566,1497.1379542395694,1102.0156123822342,141.01480484522207,1413.0657604306866,379.4599730820996,1381.3392193808884,191.14970390309557,885.0840107671602,,39290.12,1112373.5,818797.6,104774.0,1049907.86,281938.76,1026335.04,142024.23,657617.42,0.0,5233058.53,0.7508060491729298,21.256660777306458,15.64663562056509,2.002156089012824,20.06298714186176,5.387647747177022,19.612527437181175,2.7139813014856533,12.566597836237081,0.0
2019-04-01,46.599083333333326,1539.1222916666668,615.5324305555555,117.39722222222223,1295.814638888889,664.7425555555556,1378.1521805555556,186.97302777777776,864.5835138888889,,33551.34,1108168.05,443183.35,84526.0,932986.54,478614.64,992269.57,134620.58,622500.13,0.0,4830420.2,0.6945842931014572,22.941442030239937,9.17484052422603,1.7498684689998605,19.314811162805256,9.90834379170574,20.54209631700364,2.7869331119474863,12.887080299970592,0.0
2019-05-01,34.3314247311828,1353.8741666666667,471.8257661290323,90.83467741935483,2035.245739247312,1077.202190860215,726.754126344086,193.6765994623656,726.7904569892473,,25542.58,1007282.38,351038.37,67581.0,1514222.83,801438.43,540705.07,144095.39,540732.1,0.0,4992638.15,0.5116048716648933,20.175353184768657,7.031119809874465,1.3536130192010811,30.329112275040398,16.052403677602793,10.830047236649824,2.886157291411155,10.830588633786729,0.0
2019-06-01,32.581541666666666,1348.3209583333332,422.3309027777778,61.59027777777778,1967.0926666666667,1338.1801666666665,1186.0650416666665,226.77045833333335,501.1467361111111,,23458.71,970791.09,304078.25,44345.0,1416306.72,963489.72,853966.83,163274.73,360825.65,0.0,5100536.7,0.4599263054023315,19.033116456156467,5.961691247119151,0.8694183104299593,27.7677978476265,18.889967402842135,16.74268572560217,3.2011284224266046,7.074268282394675,0.0
2019-07-01,44.84706989247312,1549.0229704301075,848.3972043010752,61.473118279569896,1065.8338844086022,828.4172177419355,1334.967002688172,218.72254032258064,401.8501075268817,,33366.22,1152473.09,631207.52,45736.0,792980.41,616342.41,993215.45,162729.57,298976.48,0.0,4727027.15,0.7058605533924213,24.380504986098927,13.353160453076729,0.9675425705985208,16.775457065018127,13.038689866632138,21.011418349903067,3.442535124851145,6.324831030428923,0.0
2019-08-01,47.921290322580646,1237.1291666666666,844.332997311828,307.8385215053763,849.4266801075269,521.770497311828,1334.82813172043,222.16951612903225,574.9793413978495,,35653.44,920424.1,628183.75,229031.86,631973.45,388197.25,993112.13,165294.12,427784.63,0.0,4419654.73,0.8067019298586702,20.825701468313564,14.213412322369354,5.18212109297506,14.299158839496041,8.783429333630322,22.470355506707193,3.739978122680185,9.6791413839696,0.0
2019-09-01,43.29909722222222,1452.854388888889,984.0157916666667,101.35138888888889,674.3870555555555,465.7899722222223,1195.4490833333332,183.33090277777777,620.1491944444444,,31175.35,1046055.16,708491.37,72973.0,485558.68,335368.78,860723.34,131998.25,446507.42,0.0,4118851.3499999996,0.7568942734483487,25.396768931707143,17.20118814193185,1.7716832631019812,11.788691524397937,8.142288990351645,20.897169304252753,3.2047344947275165,10.840581076080834,0.0
2019-10-01,59.815530201342284,1457.459744966443,1256.5995302013423,107.43758389261745,635.2501073825504,491.17091275167786,1364.636832214765,150.13769127516778,499.16653691275167,,44562.57,1085807.51,936166.65,80041.0,473261.33,365922.33,1016654.44,111852.58,371879.07,0.0,4486147.48,0.9933371606410049,24.2035625186357,20.867941907250895,1.7841812012831997,10.54939303957078,8.15671646176019,22.66208243336663,2.4932880717510426,8.289497205740547,0.0
2019-11-01,60.81311111111111,1423.9035416666668,1384.8271388888888,118.81527777777778,911.1360972222222,435.29012500000005,1383.420236111111,69.65472222222222,1064.4496388888888,,43785.44,1025210.55,997075.54,85547.0,656017.99,313408.89,996062.57,50151.4,766403.74,0.0,4933663.12,0.8874833756383432,20.779905823809063,20.20963968857282,1.7339448989374857,13.296773088147129,6.352458252155651,20.189107885420437,1.0165144798131251,15.534172507505945,0.0
2019-12-01,55.88575268817204,1415.2840994623657,1457.936747311828,126.50403225806451,1007.175120967742,447.2276747311828,1417.926559139785,63.967352150537636,1003.9485752688172,,41579.0,1052971.37,1084704.94,94119.0,749338.29,332737.39,1054937.36,47591.71,746937.74,0.0,5204916.800000001,0.7988408191270222,20.230320876598835,20.840005358010714,1.8082709794707954,14.396739060267013,6.392751369243788,20.26809266192305,0.9143606291651001,14.350618246193674,0.0
2020-01-01,64.16399193548388,1331.763696236559,1820.5094086021506,151.03629032258064,817.4069892473119,652.4881720430108,1415.777876344086,83.86696236559139,853.4621908602151,,47738.01,990832.19,1354459.0,112371.0,608150.8,485451.2,1053338.74,62397.02,634975.87,0.0,5349713.83,0.8923469837264174,18.52121854525441,25.318344925377062,2.1005048787815253,11.36791273936236,9.074339589487911,19.689627772108327,1.1663618276194785,11.869342738282507,0.0
2020-02-01,67.04130747126437,974.7342816091955,1557.5383477011494,155.35201149425288,1024.7392528735631,497.814683908046,1417.431393678161,114.80247126436782,1144.7123850574712,,46660.75,678415.06,1084046.69,108125.0,713218.52,346479.02,986532.25,79902.52,796719.82,0.0,4840099.63,0.9640452380522588,14.016551555985224,22.397197844458418,2.233941618263755,14.73561650630733,7.158510082157132,20.382478159855566,1.6508445302395565,16.46081446468076,0.0
2020-03-01,60.783337819650065,986.1229475100941,1154.1799327052488,124.35397039030956,1280.8335800807536,428.31002691790036,1417.4308882907133,148.9027456258412,1147.2529340511442,,45162.02,732689.35,857555.69,92395.0,951659.35,318234.35,1053151.15,110634.74,852408.93,0.0,5013890.58,0.9007380452247523,14.613189863429369,17.103598020681176,1.842780541892081,18.98045708847519,6.347054147320462,21.0046695913336,2.2065647072816654,17.000947994361695,0.0
2020-04-01,47.01998611111111,559.1688888888889,756.9821388888889,98.40277777777777,880.7907083333334,687.8752916666667,1410.7147777777777,233.65345833333333,871.7360277777777,,33854.39,402601.6,545027.14,70850.0,634169.31,495270.21,1015714.64,168230.49,627649.94,0.0,3993367.7199999997,0.847765404384047,10.081756257598036,13.648308350626925,1.7741917340885403,15.880563836480356,12.402319163335154,25.435039075239484,4.212747279882355,15.717308898365111,0.0
2020-05-01,48.893077956989245,561.9735887096774,641.9878897849462,64.38440860215054,967.4779166666666,464.30668010752686,1403.4945833333334,197.14997311827955,884.5239784946236,,36376.45,418108.35,477638.99,47902.0,719803.57,345444.17,1044199.97,146679.58,658085.84,0.0,3894238.92,0.9341093535165016,10.73658700940722,12.265271849319404,1.230073474793375,18.48380607320313,8.87064653958109,26.813967798359943,3.766578862089951,16.898959039729387,0.0
2020-06-01,40.65898611111111,662.6697916666667,814.1315555555556,49.080555555555556,1610.2467916666667,789.7191527777778,1143.3854722222222,198.52690277777776,391.39758333333333,,29274.47,477122.25,586174.72,35338.0,1159377.69,568597.79,823237.54,142939.37,281806.26,0.0,4103868.09,0.7133384738007016,11.626159504556592,14.28346884317132,0.8610900551630548,28.250851747040436,13.855167308752364,20.060039015532784,3.483040070130519,6.866844981852231,0.0
2020-07-01,36.66225806451613,1178.810053763441,1115.033440860215,57.34274193548387,1412.0584005376343,931.3131048387096,687.5604973118279,220.04549731182797,493.67024193548383,,27276.72,877034.68,829584.88,42663.0,1050571.45,692896.95,511545.01,163713.85,367290.66,0.0,4562577.2,0.5978358020988664,19.222352665068332,18.182374645627913,0.9350636302658067,23.02583395191647,15.186525501420556,11.211755715607397,3.5881880530153003,8.050070034979353,0.0
2020-08-01,37.84322580645161,1195.9480510752687,1091.2779569892473,66.83870967741936,1077.1983870967742,754.1251344086021,1197.096989247312,219.40458333333333,581.0438037634409,,28155.36,889785.35,811910.8,49728.0,801435.6,561069.1,890640.16,163237.01,432296.59,0.0,4628257.97,0.6083360128692222,19.225059531415877,17.542470736565278,1.0744431343787002,17.316139359448886,12.122684250463248,19.24352889949218,3.5269643796454155,9.340373695721201,0.0
2020-09-01,42.189638888888894,1153.3061111111112,1119.9835694444446,81.87777777777778,821.1960416666667,623.5927083333333,1377.9755972222224,194.20269444444446,748.3524166666666,,30376.54,830380.4,806388.17,58952.0,591261.15,448986.75,992142.43,139825.94,538813.74,0.0,4437127.12,0.6845992728736606,18.714370301836205,18.17365489407029,1.3286074165934647,13.325314646383177,10.118861548415587,22.36001816418548,3.1512718977499117,12.14330185789223,0.0
2020-10-01,68.82804026845638,1028.0282953020135,766.810832214765,86.6738255033557,1218.6471140939598,541.4589261744967,1407.9056644295301,117.42426845637584,721.6505771812082,,51276.89,765881.08,571274.07,64572.0,907892.1,403386.9,1048889.72,87481.08,537629.68,0.0,4438283.52,1.1553315548439773,17.256245044931244,12.871509163975176,1.4548867756875523,20.455928421625487,9.08880422312453,23.632778646822455,1.9710565944196377,12.113459574569948,0.0
2020-11-01,66.76006944444444,1121.9150833333333,1507.005111111111,111.15694444444445,1055.5479305555555,751.853625,1413.4257083333334,71.07475,542.1091805555556,,48067.25,807778.86,1085043.68,80033.0,759994.51,541334.61,1017666.51,51173.82,390318.61,0.0,4781410.850000001,1.0052942846356738,16.89415290468084,22.692960593419823,1.6738364995344417,15.89477528374287,11.321650177792188,21.283812287329372,1.070266111936396,8.163251856928378,0.0
2020-12-01,74.67751344086021,1212.7036559139785,1567.6140725806454,112.7258064516129,1020.423615591398,736.2638037634409,1413.836680107527,34.476209677419355,1032.3310483870969,,55560.07,902251.52,1166304.87,83868.0,759195.17,547780.27,1051894.49,25650.3,768054.3,0.0,5360558.989999999,1.0364603785472009,16.831295424285596,21.757150181085876,1.5645383281193965,14.162611985359389,10.218715455270088,19.62285075049608,0.47850047071303664,14.327877026123357,0.0
2021-01-01,71.57292592592593,1104.545987654321,1539.5134444444443,104.95802469135802,1542.6366913580246,662.567061728395,1253.5342839506172,56.72482716049383,1064.965987654321,,57974.07,894682.25,1247005.89,85016.0,1249535.72,536679.32,1015362.77,45947.11,862622.45,0.0,5994825.58,0.9670685031006357,14.924241548992656,20.80137067140492,1.4181563561020234,20.843570898354642,8.95237589214397,16.937319634243636,0.7664461523833026,14.389450343274207,0.0
2021-02-01,74.60086738627602,1278.6148535080956,1438.778897455667,95.92974556669238,1692.182540478026,741.6992521202776,1390.4350462606012,102.34038164996146,753.0151542020046,,193514.65,3316726.93,3732192.46,248841.76,4389521.51,1923967.86,3606788.51,265470.95,1953321.31,0.0,19630345.939999998,0.9857933761915152,16.895916863297014,19.01236214281408,1.2676381799922576,22.360897374995524,9.800988051257951,18.37353514311017,1.3523498302648864,9.950519038076617,0.0
2021-03-01,74.64171990171991,1120.0563776763777,1404.4718216918218,101.40926640926641,1534.4808704808704,541.2723762723763,1393.210157950158,156.7017444717445,943.3850193050192,,212654.26,3191040.62,4001340.22,288915.0,4371736.0,1542085.0,3969255.74,446443.27,2687703.92,0.0,20711174.03,1.0267610116740444,15.407338161408902,19.31971704841109,1.394971620544101,21.108103257051333,7.44566675827406,19.16480318426449,2.155567180080327,12.977071778291652,0.0
2021-04-01,74.17189462665736,1272.4531542219122,866.2712700628053,100.71946964410328,1687.2962316817864,591.7690160502442,1401.5882693649685,179.9357990230286,576.0239427773902,,212576.65,3646850.74,2482733.46,288662.0,4835791.0,1696010.0,4016951.98,515696.0,1650884.62,0.0,19346156.45,1.0988055976359066,18.850518186520716,12.83321297652382,1.4920896600109943,24.996133017419076,8.766650907550167,20.763566088084644,2.6656250885431043,8.533398477711577,0.0
2021-05-01,70.1633064516129,1024.8531586021506,727.0087365591398,31.069220430107528,1755.03561827957,1195.108870967742,894.1370967741935,213.84307795698925,691.5924059139785,,208806.0,3049963.0,2163578.0,92462.0,5222986.0,3556644.0,2660952.0,636397.0,2058179.0,0.0,19649967.0,1.0626277387641414,15.521466270146917,11.010593554686377,0.47054531949086736,26.580126063316033,18.09999986259519,13.541763199907663,3.2386670165909184,10.47421097450189,0.0
2021-06-01,64.5696943383119,1137.5725703369226,961.6385307398402,31.61264327891629,1804.3573254602293,1091.301483153873,1058.0862869051755,207.0223515109413,616.482424452935,,185896.15,3275071.43,2768557.33,91012.8,5194744.74,3141856.97,3046230.42,596017.35,1774852.9,0.0,20074240.09,0.926043273202677,16.314796551783196,13.791592197699973,0.45338104751142294,25.87766568851474,15.651187571304973,15.17482308840912,2.9690655652609563,8.841445016312942,0.0
2021-07-01,57.49811974436596,1382.629845274134,1146.439764547595,26.38042381432896,1282.2982946518669,777.6308509922637,1251.671379078372,223.42556676757482,484.1772552976791,,170941.91,4110558.53,3408365.42,78429.0,3812272.83,2311896.52,3721219.01,664244.21,1439458.98,0.0,19717386.41,0.8669602879685108,20.8473802994258,17.28609131619691,0.3977656996173865,19.334574830194242,11.725167179497396,18.872780259115487,3.368824834021194,7.30045529396307,0.0
2021-08-01,63.07804508748318,1190.3134959623148,1119.7417866756393,22.3778600269179,962.8256897711979,556.5988795423957,1357.0307907133242,204.8933109017497,454.6909387617766,,187467.95,3537611.71,3327872.59,66507.0,2861517.95,1654211.87,4033095.51,608942.92,1351341.47,0.0,17628568.97,1.0634326037412896,20.067492239558685,18.877723969899755,0.3772682860031378,16.232275886203144,9.383699112588832,22.878178693139834,3.4542958140067346,7.665633394858597,0.0
2021-09-01,55.64420118343195,1159.497539157675,1115.9708736512355,42.185920640445524,828.346578489384,542.8956978767839,1370.1287399930386,174.50383919248173,609.7625583014271,,159865.79,3331236.43,3206184.32,121200.15,2379839.72,1559739.34,3936379.87,501349.53,1751847.83,0.0,16947642.98,0.9432921745440261,19.656045586582213,18.918172419513642,0.7151445787654891,14.042305014381418,9.203281788745823,23.22670990087142,2.9582256989461317,10.33682283764984,0.0
2021-10-01,69.71890268456376,1250.123989932886,1212.9610402684564,39.48662751677852,711.1615973154362,553.4555469798657,1347.7762953020133,129.01242953020133,767.4901342281879,,207762.33,3725369.49,3614623.9,117670.15,2119261.56,1649297.53,4016373.36,384457.04,2287120.6,0.0,18121935.96,1.1464687352310894,20.5572379144419,19.946124453692196,0.6493243892911317,11.694454525596944,9.101111126539926,22.16304797051054,2.121500930411631,12.62072995428464,0.0
2021-11-01,63.194279734914545,1252.1475409836066,1524.6498081618417,36.280083711196376,758.7342169515173,504.83920474363447,1405.5486571328915,84.89257063132195,745.7575863271712,,181178.0,3589907.0,4371171.0,104015.0,2175291.0,1447374.0,4029708.0,243387.0,2138087.0,0.0,18280118.0,0.9911205168369264,19.63831415092616,23.91215964798477,0.5690061738113507,11.899764542001314,7.917749765072632,22.04421218725175,1.33143013628249,11.696242879832614,0.0
2021-12-01,69.79363204344875,1160.4171384928718,1637.7144433129668,60.27778682959945,1169.9708791581807,431.5199015614392,1391.067250509165,37.97671418873048,1177.6490461642904,,205612.04,3418588.89,4824706.75,177578.36,3446734.21,1271257.63,4098084.12,111879.4,3469354.09,0.0,21023795.49,0.9779967660825074,16.260569560934215,22.948790347084945,0.8446541447973341,16.394443199561394,6.0467560703046015,19.49259885994068,0.5321560517139524,16.502034999580374,0.0
2022-01-01,66.7130050420168,1060.6835865546218,1627.6470588235295,68.90656470588235,1219.408581512605,492.22798655462185,1406.5184000000002,76.87351260504202,1372.8753210084035,,198471.19,3155533.67,4842250.0,204997.03,3627740.53,1464378.26,4184392.24,228698.7,4084304.08,0.0,21990765.700000003,0.9025205975433588,14.349357876156171,22.019469744975726,0.9321959625989739,16.49665400236609,6.6590598980371105,19.027951536948983,1.0399760659539017,18.572814315419674,0.0
2022-02-01,77.025,1095.2542038690476,1654.9615885416667,95.50049851190477,1022.1214769345237,415.1976934523809,1403.0085788690476,119.34416666666667,996.0605394345238,,207043.2,2944043.3,4448536.75,256705.34,2747462.53,1116051.4,3771287.06,320797.12,2677410.73,0.0,18489337.43,1.119797833664178,15.922924827058013,24.0600117058927,1.3883966419666343,14.859713282868025,6.036189258946311,20.39709142784572,1.7350384848268736,14.480836536931546,0.0
2022-03-01,73.1486339165545,1180.6944481830417,911.0395861372813,92.41606998654105,885.2348822341856,625.8394616419919,1402.056063257066,166.38611036339165,1077.4410565275907,,217397.74,3509023.9,2707609.65,274660.56,2630918.07,1859994.88,4166910.62,494499.52,3202154.82,0.0,19063169.759999998,1.140407092508628,18.40734748825948,14.2033548674646,1.4407916598231039,13.801052517091996,9.757007378189556,21.858435257411255,2.594004702395307,16.797599036856084,0.0
2022-04-01,65.21830555555556,1080.6805416666666,668.1883715277778,85.73459027777777,1321.4772083333332,501.1804340277777,1399.5974027777777,181.18080555555554,1043.9020729166668,,187828.72,3112359.96,1924382.51,246915.62,3805854.36,1443399.65,4030840.52,521800.72,3006437.97,0.0,18279820.03,1.0275195253112128,17.026206794662848,10.527360263075849,1.3507552021561122,20.81997718661347,7.896137093424108,22.050766984493116,2.8545178187949585,16.44675913146832,0.0
2022-05-01,63.98670698924731,1188.4540356182795,1114.8021774193548,34.3935248655914,1283.7807291666668,856.8400571236558,864.5369590053764,226.0390625,484.09945900537633,,190424.44,3536839.21,3317651.28,102355.13,3820531.45,2549956.01,2572861.99,672692.25,1440679.99,0.0,18203991.749999996,1.0460587030314383,19.428921187024823,18.22485598522643,0.5622675037742754,20.987327957891438,14.007675047424698,14.13350448260888,3.6953007847852937,7.914088348232745,0.0
2022-06-01,58.5171875,1288.5243402777778,1152.7246597222222,36.51214930555556,978.9230625,923.2124375,734.8182152777778,231.3524236111111,524.2643194444445,,168529.5,3710950.1,3319847.02,105154.99,2819298.42,2658851.82,2116276.46,666294.98,1509881.24,0.0,17075084.529999997,0.9869907215036201,21.733128720271118,19.44263885878403,0.6158387668022867,16.51118279998348,15.571529472246779,12.393944265879428,3.9021474759281913,8.84259891860108,0.0
2022-07-01,56.78944182918628,1259.6495998655012,1159.881832548756,32.45950235373235,655.8376967047748,801.2922225958305,1344.3276798924007,225.37811365164762,553.8108137188972,,168891.8,3746197.91,3449488.57,96534.56,1950461.31,2383043.07,3998030.52,670274.51,1647033.36,0.0,18109955.61,0.9325909109724205,20.68584810849241,19.047471149488917,0.5330469167284724,10.770105416067334,13.158746058351051,22.076423631830206,3.701138337577626,9.094629470491563,0.0
2022-08-01,56.659963037634405,1140.8913877688171,1154.871317204301,23.132883064516133,597.7083635752689,645.6622782258064,1205.4587331989246,203.11196236559138,599.7310248655914,,168620.05,3395292.77,3436897.04,68843.46,1778780.09,1921490.94,3587445.19,604461.2,1784799.53,0.0,16746630.27,1.0068894295831372,20.27448337521576,20.522917056077098,0.41108843325529515,10.621719482196463,11.47389599591369,21.42189283551908,3.6094497236428205,10.657663668596657,0.0
2022-09-01,54.823729166666666,1117.7126076388888,1149.9750833333335,33.03622569444445,857.0789722222222,528.7557847222222,1356.8385138888889,156.23644097222223,709.9087222222223,,157892.34,3219012.31,3311928.24,95144.33,2468387.44,1522816.66,3907694.92,449960.95,2044537.12,0.0,17177374.310000002,0.9191878639337865,18.73983911572571,19.280759563304876,0.5538933266687368,14.369992732608733,8.86524699594789,22.749081725052072,2.6194978457100406,11.90250083104814,0.0
2022-10-01,63.94072483221476,1002.7846577181207,1162.0284630872482,26.264345637583894,885.7980100671141,639.1495939597315,1352.9239463087247,157.82691946308725,529.536489932886,,190543.36,2988298.28,3462844.82,78267.75,2639678.07,1904665.79,4031713.36,470324.22,1578018.74,0.0,17344354.389999997,1.0985900986309356,17.229227521567037,19.965256371817024,0.4512577882122023,15.219235093131653,10.98147412796263,23.245104829756656,2.7116847904766552,9.098169378445226,0.0
2022-11-01,71.85115972222222,1310.2713194444443,1430.5982222222221,28.06696527777778,831.4784965277777,535.1879513888889,1383.2868611111112,72.07576388888889,789.2229305555555,,206931.34,3773581.4,4120122.88,80832.86,2394658.07,1541341.3,3983866.16,207578.2,2272962.04,0.0,18581874.25,1.113619311033708,20.30786210922722,22.172805738366247,0.4350091864387684,12.88706423142434,8.29486455059828,21.439528146629236,1.1171004453439353,12.232146280938265,0.0
2022-12-01,64.57538306451613,1126.180379704301,1387.1461962365593,47.38672043010753,1226.8237836021506,508.89288642473116,1379.2950403225807,52.741985887096774,810.2839112903225,,192176.34,3351512.81,4128147.08,141022.88,3651027.58,1514465.23,4104782.04,156960.15,2411404.92,0.0,19651499.03,0.977922038958063,17.05474378765496,21.006779552531672,0.7176189449197454,18.578875710327935,7.706614277557226,20.887882566788598,0.798718457866163,12.270844663395634,0.0
2023-01-01,59.669741263440855,933.5881149193548,1639.499996639785,58.39646505376344,1444.9566532258063,616.8931350806452,1391.668998655914,53.309287634408605,1216.5127755376345,,177577.15,2778358.23,4879151.99,173787.88,4300191.0,1835873.97,4141606.94,158648.44,3620342.02,0.0,22065537.62,0.8047714633476489,12.591391507640953,22.112092050626412,0.7875986662680735,19.488267514961187,8.320096258774047,18.769571860538242,0.7189874216171488,16.407223256226285,0.0
2023-02-01,60.9547693452381,964.0844977678571,1660.5883370535714,44.46972470238095,1406.5829613095239,604.1881361607143,1390.2493117559522,123.67171502976191,1220.1299107142859,,163846.42,2591459.13,4463661.45,119534.62,3780895.0,1624057.71,3736990.15,332429.57,3279709.2,0.0,20092583.25,0.8154572160351756,12.897590607220701,22.215468237514955,0.5949191227066336,18.81736635332841,8.08287162378685,18.598853634213512,1.65448895178772,16.32298425340604,0.0
2023-03-01,57.7832267833109,918.584969717362,889.9493909825034,66.52374495289368,1506.424498654105,810.5678196500673,1394.959168909825,171.37561238223418,802.291907806191,,171731.75,2730034.53,2644929.59,197708.57,4477093.61,2409007.56,4145818.65,509328.32,2384411.55,0.0,19670064.13,0.8730614646958959,13.879133855167558,13.44647161554526,1.0051241759728824,22.760950754459998,12.247075271736799,21.076792747599445,2.5893576992623664,12.122032415559795,0.0
2023-04-01,38.8819375,983.6548124999999,594.9518611111112,59.8247013888889,1828.7085729166668,1031.40175,1396.3989583333334,175.68868055555555,976.3948402777778,,111979.98,2832925.86,1713461.36,172295.14,5266680.69,2970437.04,4021629.0,505983.4,2812017.14,0.0,20407409.61,0.5487221658212211,13.881849358341958,8.396270730805409,0.844277364411661,25.807688435965098,14.55567902427181,19.706709851255834,2.479410222412839,13.77939284671417,0.0
2023-05-01,38.643965053763445,909.4903629032258,487.18501344086025,27.961908602150537,1625.18688844086,1274.8332157258064,828.8205779569893,213.86511424731182,653.9722983870968,,115004.44,2706643.32,1449862.6,83214.64,4836556.18,3793903.65,2466570.04,636462.58,1946221.56,0.0,18034439.009999998,0.6376934704552255,15.008192483831523,8.039410592123543,0.4614207292716892,26.818445405028434,21.036992877329318,13.676998983069561,3.52915097412836,10.791694484762353,0.0
2023-06-01,33.61011805555555,803.8259375,372.42842361111116,21.989250000000002,1652.7968125000002,1541.7888333333333,1008.5799791666666,227.47429166666666,476.59946527777777,,96797.14,2315018.7,1072593.86,63329.04,4760054.82,4440351.84,2904710.34,655125.96,1372606.46,0.0,17680588.16,0.5474769228491547,13.093561588847056,6.066505538693573,0.3581840119056311,26.922491361282862,25.114276741345687,16.428810589975303,3.70534030922193,7.763352935878802,0.0
2023-07-01,31.82307123655914,836.8614616935483,975.6144119623657,20.082997311827956,1098.1515793010753,914.1151814516128,1347.1850772849461,251.54372647849462,656.9357325268817,,94705.46,2490499.71,2903428.49,59767.0,3268099.1,2720406.78,4009222.79,748594.13,1955040.74,0.0,18249764.2,0.518940732395874,13.646750076913323,15.90940276368064,0.3274946423691326,17.90762370507779,14.906531121097991,21.968627901504615,4.101938643130524,10.712690413830114,0.0
2023-08-01,32.92917647058824,933.3050487394958,1034.449142857143,17.271852100840338,1027.641287394958,552.7903226890757,1300.4844168067227,240.6688773109244,592.8818924369748,,97964.3,2776582.52,3077486.2,51383.76,3057232.83,1644551.21,3868941.14,715989.91,1763823.63,0.0,17053955.5,0.5744374083771944,16.281164331641417,18.045585963913183,0.30130112629882255,17.926825421820762,9.643224470710035,22.686473762641164,4.198380311242164,10.342607203355255,0.0
2023-09-01,38.44170723226704,842.4342698191933,1087.684123783032,18.150066063977746,825.3523643949931,454.36593880389427,1357.3646279554937,221.11168636995825,863.3523191933241,,110558.35,2422840.96,3128179.54,52199.59,2373713.4,1306756.44,3903780.67,635917.21,2483001.27,0.0,16416947.43,0.6734403607699194,14.75816969220812,19.054574873545782,0.31796160779933735,14.458920637476878,7.959801574390496,23.778967963717236,3.8735411239603392,15.124622166131893,0.0
2023-10-01,46.14629405840886,834.8598791540786,1230.047962403491,0.0,612.5972876804296,633.4503222557905,1375.0491708627055,166.44730110775427,838.474011413226,,137469.81,2487047.58,3664312.88,0.0,1824927.32,1887048.51,4096271.48,495846.51,2497814.08,0.0,17090738.17,0.8043526770616952,14.552019668557122,21.44034297144697,0.0,10.677873020156389,11.0413517030669,23.967785588046368,2.901258594379367,14.615015777285176,0.0
2023-11-01,47.868625,918.4263298611112,1464.6735972222223,14.745444444444443,1090.0126354166666,604.3262881944445,1205.772625,85.23189930555556,1015.01121875,,137861.64,2645067.83,4218259.96,42466.88,3139236.39,1740459.71,3472625.16,245467.87,2923232.31,0.0,18564677.75,0.7426018477482057,14.247852107209349,22.72196704303149,0.22875096768108458,16.909727344984482,9.375114038809535,18.705550437038962,1.32223070772128,15.746205505775613,0.0
2023-12-01,47.64557983193278,962.135374789916,1727.3135294117646,8.4428,1215.6923932773109,770.8171361344538,1368.7114521008402,70.68978823529412,929.7273109243697,,141745.6,2862352.74,5138757.75,25117.33,3616684.87,2293180.98,4071916.57,210302.12,2765938.75,0.0,21125996.71,0.6709534321422319,13.548959508476607,24.324332813928567,0.11889299399592684,17.119594022695463,10.85478243454673,19.274435312548146,0.9954660264642253,13.0925834552021,0.0
2024-01-01,56.55213037634409,874.0091801075268,1757.8553158602151,15.02264448924731,1259.8715188172043,792.3769758064516,1381.3322748655914,98.65004368279571,1082.7409072580645,,168299.14,2601051.32,5231377.42,44707.39,3749377.64,2358113.88,4110844.85,293582.53,3222236.94,0.0,21779591.11,0.7727378312567412,11.942608595648698,24.01963100950062,0.2052719436935288,17.21509656018515,10.827172411502632,18.87475678141875,1.3479708067852705,14.794754060008614,0.0
2024-02-01,57.15373922413794,808.8896659482759,1577.638886494253,14.960488505747126,1309.6247126436783,759.7337212643679,1378.3276903735632,151.24336206896552,1073.8606860632183,,159116.01,2251948.83,4392146.66,41650.0,3645995.2,2115098.68,3837264.29,421061.52,2989628.15,0.0,19853909.34,0.8014341522121607,11.342596520590337,22.12232656442663,0.20978236218741594,18.364117300839858,10.653310860741545,19.327499810170888,2.1207990466224222,15.058133382208744,0.0
2024-03-01,57.571746298788696,681.6495995962315,1456.392035666218,11.91520861372813,1310.8734084791386,659.8671870794078,1375.201123822342,204.1268707940781,801.1077893674294,,171103.23,2025862.61,4328397.13,35412.0,3895915.77,1961125.28,4087097.74,606665.06,2380892.35,0.0,19492471.17,0.8777913713851603,10.39305171895247,22.205481758832324,0.1816701417237494,19.98677200044308,10.060937183881954,20.967571039890885,3.112304513414858,12.214420271475513,0.0
2024-04-01,56.9198680097256,591.669923584578,457.4086870441126,31.50459187217784,1295.15436609934,732.0683952761376,1366.854074331365,290.60287947203886,676.3923792983675,,163872.3,1703417.71,1316879.61,90701.72,3728749.42,2107624.91,3935172.88,836645.69,1947333.66,0.0,15830397.9,1.0351748644296552,10.760422579144393,8.318676626567928,0.5729591926429088,23.5543632166062,13.313783540462998,24.858332082733057,5.285057869581408,12.301230027831455,0.0
2024-05-01,49.87489583333333,679.3408938172043,431.4322715053763,35.4942876344086,1126.6641767473118,676.7747345430108,933.6398454301076,308.5091129032258,583.6823924731183,,148427.69,2021718.5,1283942.44,105631.0,3352952.59,2014081.61,2778512.18,918123.12,1737038.8,0.0,14360427.93,1.0335882100694476,14.07840009959926,8.94083690443339,0.7355700019170668,23.348556229271086,14.025219999136892,19.348394027976575,6.393424516841679,12.096010010754602,0.0
2024-06-01,41.91998611111111,879.0866805555556,966.4886354166666,24.346923611111112,1270.826513888889,641.2972777777777,698.4135868055555,358.4008263888889,483.6684652777777,,120729.56,2531769.64,2783487.27,70119.14,3659980.36,1846936.16,2011431.13,1032194.38,1392965.18,0.0,15449612.82,0.7814406833788861,16.387269179474494,18.016550333201163,0.4538569400860882,23.68978693926907,11.954578936820242,13.019297981345787,6.681037201552343,9.016181804871923,0.0
2024-07-01,49.96942204301075,924.7029569892474,1155.940188172043,23.306451612903224,948.057123655914,532.794690860215,1188.0685483870968,381.4936155913978,461.46538978494624,,148709.0,2751916.0,3440078.0,69360.0,2821418.0,1585597.0,3535692.0,1135325.0,1373321.0,0.0,16861416.0,0.8819484674359496,16.320788242221177,20.402070620877865,0.4113533525298231,16.732983754152084,9.403700140011965,20.969128571408238,6.733271986172454,8.144754865190444,0.0
2024-08-01,48.961754032258064,782.3730745967742,1145.9619690860216,15.729166666666666,655.6680779569892,475.76414986559143,1265.1541498655913,345.8254771505376,460.3727553763441,,145710.18,2328342.27,3410382.82,46810.0,1951268.2,1415874.11,3765098.75,1029176.62,1370069.32,0.0,15462732.27,0.9423313904406107,15.057767471776836,22.055499380382145,0.3027278697104415,12.619168242250115,9.156687739766447,24.34950488863376,6.655852290715501,8.860460726324145,0.0
2024-09-01,47.96575347222222,764.0617395833334,1039.3051631944445,6.358333333333333,807.186642361111,398.16488888888887,1343.16346875,281.7679236111111,726.7098541666667,,138141.37,2200497.81,2993198.87,18312.0,2324697.53,1146714.88,3868310.79,811491.62,2092924.38,0.0,15594289.25,0.8858458874616553,14.11092082955945,19.194198735283816,0.11742760254366835,14.907364437914348,7.353428307096458,24.805944842917416,5.203774323988507,13.421095033234682,0.0
2024-10-01,52.51928859060403,795.4752953020134,1111.1742919463088,0.0020134228187919465,1123.8615469798658,309.26682550335573,1257.9644530201342,238.61308724832216,583.3838255033558,,156507.48,2370516.38,3311299.39,6.0,3349107.41,921615.14,3748734.07,711067.0,1738483.8,0.0,16307336.670000002,0.9597366091540931,14.536502360688672,20.305580592394794,3.679325521645712e-05,20.53742728057628,5.651536842895142,22.98802156268967,4.360411601166752,10.660746357179365,0.0
2024-11-01,39.88039930555556,835.2456666666667,1451.456888888889,0.04618055555555556,696.6373298611111,512.1376388888889,1327.2554895833334,133.65798611111111,746.3545694444445,,114855.55,2405507.52,4180195.84,133.0,2006315.51,1474956.4,3822495.81,384935.0,2149501.16,0.0,16538895.790000001,0.6944571841939153,14.544547293504653,25.27493910764885,0.0008041649314969169,12.13089153879964,8.9181068599018,23.11215850523235,2.327452841396735,12.996642504390554,0.0
2024-12-01,39.15069892473118,721.0100302419355,1475.6305208333333,0.0016801075268817205,889.7541297043011,310.6375302419355,1259.3114717741935,56.443669354838704,992.2500369623656,,116512.48,2145725.85,4391476.43,5.0,2647908.29,924457.29,3747710.94,167976.36,2952936.11,0.0,17094708.75,0.6815704303824421,12.551988345516563,25.689097686440547,2.924881653804134e-05,15.489636756753752,5.407856334492976,21.923221944334088,0.9826219472735971,17.27397730598949,0.0
2025-01-01,48.007728494623656,778.4936155913979,1573.0648521505377,26.267137096774192,903.9156586021505,253.82728494623655,1261.948252688172,119.60719086021506,665.7836021505376,,142871.0,2316797.0,4681441.0,78171.0,2690053.0,755390.0,3755558.0,355951.0,1981372.0,0.0,16757604.0,0.8525741508153553,13.825347585490144,27.93621928289987,0.4664807689691199,16.052730450009438,4.507744663258542,22.41106783523468,2.124116311615909,11.823718951706939,0.0
2025-02-01,62.62202380952381,1031.7466517857142,1457.2470238095239,32.600074404761905,760.0412946428571,453.96205357142856,1256.7771577380952,199.26339285714286,754.5904017857143,14.979938271604938,168328.0,2773335.0,3917080.0,87629.0,2042991.0,1220250.0,3378217.0,535620.0,2028339.0,38828.0,16190617.0,1.0396638991583829,17.12927308452791,24.19351899930682,0.5412332340391969,12.618364080874745,7.536772687538715,20.8652764746396,3.3082124047527035,12.527867220872436,0.23981791428949248
2025-03-01,61.44952893674294,724.7607671601615,1103.6389636608344,27.696164199192463,989.8331090174967,366.4320323014805,1251.5770524899058,281.40948855989234,801.492261103634,12.699192462987886,182628.0,2153989.0,3280015.0,82313.0,2941784.0,1089036.0,3719687.0,836349.0,2382035.0,37742.0,16705578.0,1.0932156911900923,12.89383103056955,19.634250308489776,0.4927276386366279,17.609591239524907,6.51899622988202,22.26613769364939,5.006405644869037,14.258919984690143,0.22592453849845842
2025-04-01,41.456944444444446,584.4440972222222,418.70520833333336,11.672222222222222,1281.1364583333334,305.3229166666667,1252.271875,341.97881944444447,703.8645833333334,16.10451388888889,119396.0,1683199.0,1205871.0,33616.0,3689673.0,879330.0,3606543.0,984899.0,2027130.0,46381.0,14276038.0,0.8363384855097753,11.790379095376462,8.44681836795335,0.2354714942619234,25.845216999282293,6.159482063580946,25.262912581207754,6.898965945593588,14.199527908233362,0.32488705900054343
2025-05-01,37.69724462365591,590.570564516129,642.247311827957,8.023185483870968,1172.705309139785,509.4529569892473,821.7876344086021,381.2261424731183,653.8380376344086,21.505712365591396,112187.0,1757538.0,1911328.0,23877.0,3489971.0,1516132.0,2445640.0,1134529.0,1945822.0,64001.0,14401025.0,0.7790209377457508,12.204256294256833,13.272166390933979,0.1658006982141896,24.234184719490454,10.527945059466253,16.982402294281137,7.878112842662241,13.511691008105325,0.4444197548438392
2025-06-01,42.80561458333333,703.0614583333333,754.3611840277778,8.323611111111111,1047.0152083333332,546.0423611111111,669.9399305555555,547.4871527777777,531.284625,22.948611111111113,123280.17,2024817.0,2172560.21,23972.0,3015403.8,1572602.0,1929427.0,1576763.0,1530099.72,66092.0,14035016.9,0.8783756434236998,14.426893921303366,15.479569604223276,0.1708013618423217,21.484860484920397,11.204845788251241,13.747236741838195,11.234493062847683,10.902015515207538,0.47090787614227947
2025-07-01,49.94758064516129,803.7197580645161,937.3770161290323,7.817204301075269,672.9472446236559,440.6172715053763,1204.683803763441,485.65288978494624,507.21538978494624,25.337701612903224,148644.0,2391870.0,2789634.0,23264.0,2002691.0,1311277.0,3585139.0,1445303.0,1509473.0,75405.0,15282700.0,0.9726291820162668,15.650833949498452,18.253541586238033,0.15222441060807318,13.104300941587546,8.580139635012138,23.458806362750035,9.457118179379298,9.877004717752753,0.4934010351574002
2025-08-01,35.579301075268816,671.7547043010753,973.2049731182796,0.043682795698924734,741.1179435483871,413.4126344086022,1206.3934811827958,450.14415322580646,462.71538978494624,23.03125,105884.0,1999142.0,2896258.0,130.0,2205567.0,1230316.0,3590227.0,1339629.0,1377041.0,68541.0,14812735.0,0.7148173514209226,13.49610318418577,19.552486424687945,0.0008776232073280188,14.889667573206433,8.305799030361374,24.237434882889623,9.043765381612511,9.296331838786017,0.4627167096420749
2025-09-01,41.287599861062866,691.1010767627648,951.1312955887461,0.05279610976033345,575.0916985064258,491.6134074331365,1224.0604376519625,383.0722222222222,558.3600694444444,25.730809308787773,118867.0,1989680.0,2738307.0,152.0,1655689.0,1415355.0,3524070.0,1103248.0,1608077.0,74079.0,14227524.0,0.8354721453992979,13.984724257010567,19.24654634214639,0.001068351738503481,11.637225141915065,9.948006413484173,24.76938362571028,7.75432183421374,11.302578017088567,0.5206738712934169
2025-10-01,50.7284323598523,728.934877475663,1342.6106075864384,0.0016784155756965425,752.7482376636456,496.03390399462904,1242.0473313192347,266.71500503524675,810.5082242363209,26.016784155756966,151120.0,2171497.0,3999637.0,5.0,2242437.0,1477685.0,3700059.0,794544.0,2414504.0,77504.0,17028992.0,0.8874277467509527,12.75176475507182,23.487221087425493,2.936169093273401e-05,13.16834842602545,8.677466053187413,21.727997758176173,4.665831072091643,14.178784040770001,0.45512969881012333
2025-11-01,61.10798611111111,811.8409722222223,1435.8121527777778,24.257291666666667,939.1784722222222,678.7572916666667,1237.5385416666666,144.84479166666668,776.0802083333333,28.429166666666667,175991.0,2338102.0,4135139.0,69861.0,2704834.0,1954821.0,3564111.0,417153.0,2235111.0,81876.0,17676999.0,0.9955931999543588,13.226803938836,23.392765932724213,0.3952084853317014,15.301432103944792,11.05855694170713,20.16242123450932,2.359863232441208,12.644176763261683,0.46317816728959477
2025-12-01,63.26545698924731,711.0930779569892,1523.467069892473,31.46337365591398,1095.729502688172,750.6545698924731,1219.4022177419354,117.0440188172043,830.5225134408602,36.63407258064516,188278.0,2116213.0,4533838.0,93635.0,3260891.0,2233948.0,3628941.0,348323.0,2471635.0,109023.0,18984725.0,0.9917341441606344,11.146924698672223,23.881504736044374,0.4932123062093341,17.176393126579395,11.767081166569438,19.11505697343522,1.8347539930128036,13.019071911760637,0.5742669435559378
2026-01-01,54.394285714285715,661.1186554621848,1726.8487394957983,33.865546218487395,1040.7058823529412,526.8749579831933,1219.3687394957983,122.15193277310924,894.3159663865546,48.87294117647059,161823.0,1966828.0,5137375.0,100750.0,3096100.0,1567453.0,3627622.0,363402.0,2660590.0,145397.0,18827340.0,0.8595106903046315,10.446658954477902,27.286780819807788,0.53512604542118,16.444702225593204,8.32540868757881,19.26784134136846,1.930182383703699,14.131523624686226,0.7722652270580974
2026-02-01,64.9907335907336,611.3633204633205,1541.969111969112,44.782625482625484,1383.9903474903474,543.4706563706563,1218.6872586872587,221.25907335907337,979.7274131274131,47.393436293436295,168326.0,1583431.0,3993700.0,115987.0,3584535.0,1407589.0,3156400.0,573061.0,2537494.0,122749.0,17243272.0,0.976183638464904,9.182891738876473,23.160917487121935,0.6726507590902702,20.788020974209534,8.163120085329513,18.30511053818556,3.3233889716522476,14.715849752877528,0.7118660541920351
